{
  "last_node_id": 93,
  "last_link_id": 266,
  "nodes": [
    {
      "id": 52,
      "type": "ImageScaleBy",
      "pos": [
        796.01708984375,
        69.13868713378906
      ],
      "size": [
        315,
        82
      ],
      "flags": {},
      "order": 15,
      "mode": 0,
      "inputs": [
        {
          "name": "image",
          "type": "IMAGE",
          "link": 204,
          "label": "image"
        }
      ],
      "outputs": [
        {
          "name": "IMAGE",
          "type": "IMAGE",
          "links": [
            143,
            260
          ],
          "slot_index": 0,
          "label": "IMAGE"
        }
      ],
      "properties": {
        "Node name for S&R": "ImageScaleBy"
      },
      "widgets_values": [
        "nearest-exact",
        0.5
      ]
    },
    {
      "id": 78,
      "type": "ControlNetLoader",
      "pos": [
        1784.162841796875,
        -567.569091796875
      ],
      "size": [
        315,
        58
      ],
      "flags": {},
      "order": 0,
      "mode": 0,
      "inputs": [],
      "outputs": [
        {
          "name": "CONTROL_NET",
          "type": "CONTROL_NET",
          "links": [
            254
          ],
          "slot_index": 0,
          "label": "CONTROL_NET"
        }
      ],
      "properties": {
        "Node name for S&R": "ControlNetLoader"
      },
      "widgets_values": [
        "Flux/instantx_FLUX.1-dev-Controlnet-Union.safetensors"
      ]
    },
    {
      "id": 91,
      "type": "SetUnionControlNetType",
      "pos": [
        2147.22412109375,
        -554.4509887695312
      ],
      "size": [
        315,
        58
      ],
      "flags": {},
      "order": 11,
      "mode": 0,
      "inputs": [
        {
          "name": "control_net",
          "type": "CONTROL_NET",
          "link": 254,
          "label": "control_net"
        }
      ],
      "outputs": [
        {
          "name": "CONTROL_NET",
          "type": "CONTROL_NET",
          "links": [
            255
          ],
          "slot_index": 0,
          "label": "CONTROL_NET"
        }
      ],
      "properties": {
        "Node name for S&R": "SetUnionControlNetType"
      },
      "widgets_values": [
        "openpose"
      ]
    },
    {
      "id": 82,
      "type": "FluxGuidance",
      "pos": [
        2098.016357421875,
        -394.736328125
      ],
      "size": [
        317.4000244140625,
        58
      ],
      "flags": {},
      "order": 23,
      "mode": 0,
      "inputs": [
        {
          "name": "conditioning",
          "type": "CONDITIONING",
          "link": 231,
          "label": "conditioning"
        }
      ],
      "outputs": [
        {
          "name": "CONDITIONING",
          "type": "CONDITIONING",
          "links": [
            232
          ],
          "slot_index": 0,
          "shape": 3,
          "label": "CONDITIONING"
        }
      ],
      "properties": {
        "Node name for S&R": "FluxGuidance"
      },
      "widgets_values": [
        10
      ],
      "color": "#233",
      "bgcolor": "#355"
    },
    {
      "id": 22,
      "type": "BasicGuider",
      "pos": [
        2128.38330078125,
        -270.6061096191406
      ],
      "size": [
        222.3482666015625,
        46
      ],
      "flags": {},
      "order": 24,
      "mode": 0,
      "inputs": [
        {
          "name": "model",
          "type": "MODEL",
          "link": 266,
          "slot_index": 0,
          "label": "model"
        },
        {
          "name": "conditioning",
          "type": "CONDITIONING",
          "link": 232,
          "slot_index": 1,
          "label": "conditioning"
        }
      ],
      "outputs": [
        {
          "name": "GUIDER",
          "type": "GUIDER",
          "links": [
            30
          ],
          "slot_index": 0,
          "shape": 3,
          "label": "GUIDER"
        }
      ],
      "properties": {
        "Node name for S&R": "BasicGuider"
      },
      "widgets_values": []
    },
    {
      "id": 39,
      "type": "CLIPVisionEncode",
      "pos": [
        847.5504150390625,
        -307.6878662109375
      ],
      "size": [
        290,
        78
      ],
      "flags": {},
      "order": 17,
      "mode": 0,
      "inputs": [
        {
          "name": "clip_vision",
          "type": "CLIP_VISION",
          "link": 117,
          "label": "clip_vision"
        },
        {
          "name": "image",
          "type": "IMAGE",
          "link": 143,
          "label": "image"
        }
      ],
      "outputs": [
        {
          "name": "CLIP_VISION_OUTPUT",
          "type": "CLIP_VISION_OUTPUT",
          "links": [
            257
          ],
          "slot_index": 0,
          "label": "CLIP_VISION_OUTPUT"
        }
      ],
      "properties": {
        "Node name for S&R": "CLIPVisionEncode"
      },
      "widgets_values": [
        "none"
      ]
    },
    {
      "id": 38,
      "type": "CLIPVisionLoader",
      "pos": [
        832.765625,
        -429.4424743652344
      ],
      "size": [
        267.256103515625,
        58
      ],
      "flags": {},
      "order": 1,
      "mode": 0,
      "inputs": [],
      "outputs": [
        {
          "name": "CLIP_VISION",
          "type": "CLIP_VISION",
          "links": [
            117
          ],
          "slot_index": 0,
          "label": "CLIP_VISION"
        }
      ],
      "properties": {
        "Node name for S&R": "CLIPVisionLoader"
      },
      "widgets_values": [
        "sigclip_vision_patch14_384.safetensors"
      ]
    },
    {
      "id": 42,
      "type": "StyleModelLoader",
      "pos": [
        801.5216064453125,
        -177.5353240966797
      ],
      "size": [
        340,
        60
      ],
      "flags": {},
      "order": 2,
      "mode": 0,
      "inputs": [],
      "outputs": [
        {
          "name": "STYLE_MODEL",
          "type": "STYLE_MODEL",
          "links": [
            259
          ],
          "slot_index": 0,
          "label": "STYLE_MODEL"
        }
      ],
      "properties": {
        "Node name for S&R": "StyleModelLoader"
      },
      "widgets_values": [
        "flux1-redux-dev.safetensors"
      ]
    },
    {
      "id": 12,
      "type": "UNETLoader",
      "pos": [
        -110.99429321289062,
        67.41378021240234
      ],
      "size": [
        315,
        82
      ],
      "flags": {},
      "order": 3,
      "mode": 0,
      "inputs": [],
      "outputs": [
        {
          "name": "MODEL",
          "type": "MODEL",
          "links": [
            263
          ],
          "slot_index": 0,
          "shape": 3,
          "label": "MODEL"
        }
      ],
      "properties": {
        "Node name for S&R": "UNETLoader"
      },
      "widgets_values": [
        "flux1-dev-fp8-e4m3fn.safetensors",
        "fp8_e4m3fn"
      ],
      "color": "#223",
      "bgcolor": "#335"
    },
    {
      "id": 11,
      "type": "DualCLIPLoader",
      "pos": [
        -136.3857421875,
        221.39450073242188
      ],
      "size": [
        315,
        106
      ],
      "flags": {},
      "order": 4,
      "mode": 0,
      "inputs": [],
      "outputs": [
        {
          "name": "CLIP",
          "type": "CLIP",
          "links": [
            264,
            265
          ],
          "slot_index": 0,
          "shape": 3,
          "label": "CLIP"
        }
      ],
      "properties": {
        "Node name for S&R": "DualCLIPLoader"
      },
      "widgets_values": [
        "t5xxl_fp8_e4m3fn.safetensors",
        "clip_l.safetensors",
        "flux"
      ]
    },
    {
      "id": 10,
      "type": "VAELoader",
      "pos": [
        -137.38572692871094,
        387.6790466308594
      ],
      "size": [
        311.81634521484375,
        60.429901123046875
      ],
      "flags": {},
      "order": 5,
      "mode": 0,
      "inputs": [],
      "outputs": [
        {
          "name": "VAE",
          "type": "VAE",
          "links": [
            12,
            213
          ],
          "slot_index": 0,
          "shape": 3,
          "label": "VAE"
        }
      ],
      "properties": {
        "Node name for S&R": "VAELoader"
      },
      "widgets_values": [
        "ae.sft"
      ]
    },
    {
      "id": 30,
      "type": "ModelSamplingFlux",
      "pos": [
        485.14068603515625,
        1211.189697265625
      ],
      "size": [
        315,
        130
      ],
      "flags": {},
      "order": 19,
      "mode": 0,
      "inputs": [
        {
          "name": "model",
          "type": "MODEL",
          "link": 263,
          "slot_index": 0,
          "label": "model"
        },
        {
          "name": "width",
          "type": "INT",
          "link": 218,
          "slot_index": 1,
          "widget": {
            "name": "width"
          },
          "label": "width"
        },
        {
          "name": "height",
          "type": "INT",
          "link": 219,
          "slot_index": 2,
          "widget": {
            "name": "height"
          },
          "label": "height"
        }
      ],
      "outputs": [
        {
          "name": "MODEL",
          "type": "MODEL",
          "links": [
            55,
            266
          ],
          "slot_index": 0,
          "shape": 3,
          "label": "MODEL"
        }
      ],
      "properties": {
        "Node name for S&R": "ModelSamplingFlux"
      },
      "widgets_values": [
        1.15,
        0.5,
        784,
        1104
      ]
    },
    {
      "id": 17,
      "type": "BasicScheduler",
      "pos": [
        471.1697692871094,
        1047.50341796875
      ],
      "size": [
        315,
        106
      ],
      "flags": {},
      "order": 21,
      "mode": 0,
      "inputs": [
        {
          "name": "model",
          "type": "MODEL",
          "link": 55,
          "slot_index": 0,
          "label": "model"
        }
      ],
      "outputs": [
        {
          "name": "SIGMAS",
          "type": "SIGMAS",
          "links": [
            20
          ],
          "shape": 3,
          "label": "SIGMAS"
        }
      ],
      "properties": {
        "Node name for S&R": "BasicScheduler"
      },
      "widgets_values": [
        "beta",
        20,
        1
      ]
    },
    {
      "id": 16,
      "type": "KSamplerSelect",
      "pos": [
        478.8832092285156,
        926.5181274414062
      ],
      "size": [
        315,
        58
      ],
      "flags": {},
      "order": 6,
      "mode": 0,
      "inputs": [],
      "outputs": [
        {
          "name": "SAMPLER",
          "type": "SAMPLER",
          "links": [
            19
          ],
          "shape": 3,
          "label": "SAMPLER"
        }
      ],
      "properties": {
        "Node name for S&R": "KSamplerSelect"
      },
      "widgets_values": [
        "euler"
      ]
    },
    {
      "id": 25,
      "type": "RandomNoise",
      "pos": [
        483.3503723144531,
        798.1531372070312
      ],
      "size": [
        315,
        82
      ],
      "flags": {},
      "order": 7,
      "mode": 0,
      "inputs": [],
      "outputs": [
        {
          "name": "NOISE",
          "type": "NOISE",
          "links": [
            37
          ],
          "shape": 3,
          "label": "NOISE"
        }
      ],
      "properties": {
        "Node name for S&R": "RandomNoise"
      },
      "widgets_values": [
        531312004202449,
        "randomize"
      ],
      "color": "#2a363b",
      "bgcolor": "#3f5159"
    },
    {
      "id": 13,
      "type": "SamplerCustomAdvanced",
      "pos": [
        485.5511474609375,
        622.763671875
      ],
      "size": [
        272.3617858886719,
        124.53733825683594
      ],
      "flags": {},
      "order": 25,
      "mode": 0,
      "inputs": [
        {
          "name": "noise",
          "type": "NOISE",
          "link": 37,
          "slot_index": 0,
          "label": "noise"
        },
        {
          "name": "guider",
          "type": "GUIDER",
          "link": 30,
          "slot_index": 1,
          "label": "guider"
        },
        {
          "name": "sampler",
          "type": "SAMPLER",
          "link": 19,
          "slot_index": 2,
          "label": "sampler"
        },
        {
          "name": "sigmas",
          "type": "SIGMAS",
          "link": 20,
          "slot_index": 3,
          "label": "sigmas"
        },
        {
          "name": "latent_image",
          "type": "LATENT",
          "link": 116,
          "slot_index": 4,
          "label": "latent_image"
        }
      ],
      "outputs": [
        {
          "name": "output",
          "type": "LATENT",
          "links": [
            24
          ],
          "slot_index": 0,
          "shape": 3,
          "label": "output"
        },
        {
          "name": "denoised_output",
          "type": "LATENT",
          "links": null,
          "shape": 3,
          "label": "denoised_output"
        }
      ],
      "properties": {
        "Node name for S&R": "SamplerCustomAdvanced"
      },
      "widgets_values": []
    },
    {
      "id": 6,
      "type": "CLIPTextEncode",
      "pos": [
        265.36773681640625,
        36.13804244995117
      ],
      "size": [
        407.6455383300781,
        123.18341064453125
      ],
      "flags": {
        "collapsed": false
      },
      "order": 12,
      "mode": 0,
      "inputs": [
        {
          "name": "clip",
          "type": "CLIP",
          "link": 264,
          "label": "clip"
        }
      ],
      "outputs": [
        {
          "name": "CONDITIONING",
          "type": "CONDITIONING",
          "links": [
            258
          ],
          "slot_index": 0,
          "label": "CONDITIONING"
        }
      ],
      "properties": {
        "Node name for S&R": "CLIPTextEncode"
      },
      "widgets_values": [
        "3d Disney,2d anime,Different angles of a cartoon girl, wear dress with Four postures，,standing with feet, grey background\n(((3d anime))),Multiple Views,Game Characters，(((one Back view)))",
        true
      ],
      "color": "#232",
      "bgcolor": "#353"
    },
    {
      "id": 77,
      "type": "CLIPTextEncode",
      "pos": [
        221.93519592285156,
        224.85940551757812
      ],
      "size": [
        400,
        200
      ],
      "flags": {},
      "order": 13,
      "mode": 0,
      "inputs": [
        {
          "name": "clip",
          "type": "CLIP",
          "link": 265,
          "label": "clip"
        }
      ],
      "outputs": [
        {
          "name": "CONDITIONING",
          "type": "CONDITIONING",
          "links": [
            208
          ],
          "slot_index": 0,
          "label": "CONDITIONING"
        }
      ],
      "properties": {
        "Node name for S&R": "CLIPTextEncode"
      },
      "widgets_values": [
        "photograph",
        true
      ]
    },
    {
      "id": 76,
      "type": "ControlNetApplyAdvanced",
      "pos": [
        1684.3702392578125,
        -419.34344482421875
      ],
      "size": [
        315,
        186
      ],
      "flags": {},
      "order": 22,
      "mode": 0,
      "inputs": [
        {
          "name": "positive",
          "type": "CONDITIONING",
          "link": 262,
          "label": "positive"
        },
        {
          "name": "negative",
          "type": "CONDITIONING",
          "link": 208,
          "label": "negative"
        },
        {
          "name": "control_net",
          "type": "CONTROL_NET",
          "link": 255,
          "label": "control_net"
        },
        {
          "name": "image",
          "type": "IMAGE",
          "link": 212,
          "label": "image"
        },
        {
          "name": "vae",
          "type": "VAE",
          "link": 213,
          "shape": 7,
          "label": "vae"
        }
      ],
      "outputs": [
        {
          "name": "positive",
          "type": "CONDITIONING",
          "links": [
            231
          ],
          "slot_index": 0,
          "label": "positive"
        },
        {
          "name": "negative",
          "type": "CONDITIONING",
          "links": null,
          "label": "negative"
        }
      ],
      "properties": {
        "Node name for S&R": "ControlNetApplyAdvanced"
      },
      "widgets_values": [
        0.8,
        0,
        0.8
      ]
    },
    {
      "id": 80,
      "type": "ImageScaleBy",
      "pos": [
        2075.708984375,
        0.7720664143562317
      ],
      "size": [
        315,
        82
      ],
      "flags": {},
      "order": 14,
      "mode": 0,
      "inputs": [
        {
          "name": "image",
          "type": "IMAGE",
          "link": 211,
          "label": "image"
        }
      ],
      "outputs": [
        {
          "name": "IMAGE",
          "type": "IMAGE",
          "links": [
            212,
            215
          ],
          "slot_index": 0,
          "label": "IMAGE"
        }
      ],
      "properties": {
        "Node name for S&R": "ImageScaleBy"
      },
      "widgets_values": [
        "nearest-exact",
        4
      ]
    },
    {
      "id": 8,
      "type": "VAEDecode",
      "pos": [
        505.20904541015625,
        495.4380798339844
      ],
      "size": [
        210,
        46
      ],
      "flags": {},
      "order": 26,
      "mode": 0,
      "inputs": [
        {
          "name": "samples",
          "type": "LATENT",
          "link": 24,
          "label": "samples"
        },
        {
          "name": "vae",
          "type": "VAE",
          "link": 12,
          "label": "vae"
        }
      ],
      "outputs": [
        {
          "name": "IMAGE",
          "type": "IMAGE",
          "links": [
            9
          ],
          "slot_index": 0,
          "label": "IMAGE"
        }
      ],
      "properties": {
        "Node name for S&R": "VAEDecode"
      },
      "widgets_values": []
    },
    {
      "id": 81,
      "type": "GetImageSize+",
      "pos": [
        826.1997680664062,
        348.49615478515625
      ],
      "size": [
        214.20001220703125,
        66
      ],
      "flags": {},
      "order": 16,
      "mode": 0,
      "inputs": [
        {
          "name": "image",
          "type": "IMAGE",
          "link": 215,
          "label": "image"
        }
      ],
      "outputs": [
        {
          "name": "width",
          "type": "INT",
          "links": [
            216,
            218
          ],
          "slot_index": 0,
          "label": "width"
        },
        {
          "name": "height",
          "type": "INT",
          "links": [
            217,
            219
          ],
          "slot_index": 1,
          "label": "height"
        },
        {
          "name": "count",
          "type": "INT",
          "links": null,
          "slot_index": 2,
          "label": "count"
        }
      ],
      "properties": {
        "Node name for S&R": "GetImageSize+"
      },
      "widgets_values": []
    },
    {
      "id": 27,
      "type": "EmptySD3LatentImage",
      "pos": [
        793.3167724609375,
        505.7168273925781
      ],
      "size": [
        315,
        106
      ],
      "flags": {},
      "order": 18,
      "mode": 0,
      "inputs": [
        {
          "name": "width",
          "type": "INT",
          "link": 216,
          "widget": {
            "name": "width"
          },
          "label": "width"
        },
        {
          "name": "height",
          "type": "INT",
          "link": 217,
          "widget": {
            "name": "height"
          },
          "label": "height"
        }
      ],
      "outputs": [
        {
          "name": "LATENT",
          "type": "LATENT",
          "links": [
            116
          ],
          "slot_index": 0,
          "shape": 3,
          "label": "LATENT"
        }
      ],
      "properties": {
        "Node name for S&R": "EmptySD3LatentImage"
      },
      "widgets_values": [
        784,
        1104,
        1
      ]
    },
    {
      "id": 79,
      "type": "LoadImage",
      "pos": [
        2430.109130859375,
        790.0597534179688
      ],
      "size": [
        578.9693603515625,
        834.2831420898438
      ],
      "flags": {},
      "order": 8,
      "mode": 0,
      "inputs": [],
      "outputs": [
        {
          "name": "IMAGE",
          "type": "IMAGE",
          "links": [
            211
          ],
          "slot_index": 0,
          "label": "IMAGE"
        },
        {
          "name": "MASK",
          "type": "MASK",
          "links": null,
          "label": "MASK"
        }
      ],
      "title": "骨骼图",
      "properties": {
        "Node name for S&R": "LoadImage"
      },
      "widgets_values": [
        "三视图 (1).jpg",
        "image"
      ]
    },
    {
      "id": 9,
      "type": "SaveImage",
      "pos": [
        1702.1632080078125,
        783.1939086914062
      ],
      "size": [
        688.612060546875,
        854.5706787109375
      ],
      "flags": {},
      "order": 27,
      "mode": 0,
      "inputs": [
        {
          "name": "images",
          "type": "IMAGE",
          "link": 9,
          "label": "images"
        }
      ],
      "outputs": [],
      "title": "输出",
      "properties": {
        "Node name for S&R": "SaveImage"
      },
      "widgets_values": [
        "ComfyUI"
      ]
    },
    {
      "id": 93,
      "type": "Note",
      "pos": [
        2432.42724609375,
        565.2257080078125
      ],
      "size": [
        529.3212890625,
        158.16937255859375
      ],
      "flags": {},
      "order": 9,
      "mode": 0,
      "inputs": [],
      "outputs": [],
      "properties": {},
      "widgets_values": [
        "现在是直接加骨骼图\n普通图加入，需要自己接openpose预处理\nNow add the skeleton diagram directly\nFor adding ordinary images, you need to connect to openpose preprocessing\n"
      ],
      "color": "#432",
      "bgcolor": "#653"
    },
    {
      "id": 72,
      "type": "LoadImage",
      "pos": [
        1092.4111328125,
        783.6251220703125
      ],
      "size": [
        557.285400390625,
        849.0047607421875
      ],
      "flags": {},
      "order": 10,
      "mode": 0,
      "inputs": [],
      "outputs": [
        {
          "name": "IMAGE",
          "type": "IMAGE",
          "links": [
            204
          ],
          "slot_index": 0,
          "label": "IMAGE"
        },
        {
          "name": "MASK",
          "type": "MASK",
          "links": [],
          "slot_index": 1,
          "label": "MASK"
        }
      ],
      "title": "输入",
      "properties": {
        "Node name for S&R": "LoadImage"
      },
      "widgets_values": [
        "447.png",
        "image"
      ]
    },
    {
      "id": 92,
      "type": "StyleAdvancedApply",
      "pos": [
        1197.009033203125,
        -440.41790771484375
      ],
      "size": [
        393,
        330
      ],
      "flags": {},
      "order": 20,
      "mode": 0,
      "inputs": [
        {
          "name": "conditioning",
          "type": "CONDITIONING",
          "link": 258,
          "label": "conditioning"
        },
        {
          "name": "style_model",
          "type": "STYLE_MODEL",
          "link": 259,
          "label": "style_model"
        },
        {
          "name": "clip_vision_output",
          "type": "CLIP_VISION_OUTPUT",
          "link": 257,
          "label": "clip_vision_output"
        },
        {
          "name": "reference_image",
          "type": "IMAGE",
          "link": 260,
          "label": "reference_image"
        },
        {
          "name": "mask",
          "type": "MASK",
          "link": null,
          "shape": 7,
          "label": "mask"
        }
      ],
      "outputs": [
        {
          "name": "CONDITIONING",
          "type": "CONDITIONING",
          "links": [
            262
          ],
          "label": "CONDITIONING",
          "slot_index": 0
        }
      ],
      "properties": {
        "Node name for S&R": "StyleAdvancedApply"
      },
      "widgets_values": [
        "balanced",
        2,
        0.8,
        "adaptive",
        9,
        4,
        0,
        "1.2,1.0,1.1,0.5,1.0",
        0
      ]
    }
  ],
  "links": [
    [
      9,
      8,
      0,
      9,
      0,
      "IMAGE"
    ],
    [
      12,
      10,
      0,
      8,
      1,
      "VAE"
    ],
    [
      19,
      16,
      0,
      13,
      2,
      "SAMPLER"
    ],
    [
      20,
      17,
      0,
      13,
      3,
      "SIGMAS"
    ],
    [
      24,
      13,
      0,
      8,
      0,
      "LATENT"
    ],
    [
      30,
      22,
      0,
      13,
      1,
      "GUIDER"
    ],
    [
      37,
      25,
      0,
      13,
      0,
      "NOISE"
    ],
    [
      55,
      30,
      0,
      17,
      0,
      "MODEL"
    ],
    [
      116,
      27,
      0,
      13,
      4,
      "LATENT"
    ],
    [
      117,
      38,
      0,
      39,
      0,
      "CLIP_VISION"
    ],
    [
      143,
      52,
      0,
      39,
      1,
      "IMAGE"
    ],
    [
      204,
      72,
      0,
      52,
      0,
      "IMAGE"
    ],
    [
      208,
      77,
      0,
      76,
      1,
      "CONDITIONING"
    ],
    [
      211,
      79,
      0,
      80,
      0,
      "IMAGE"
    ],
    [
      212,
      80,
      0,
      76,
      3,
      "IMAGE"
    ],
    [
      213,
      10,
      0,
      76,
      4,
      "VAE"
    ],
    [
      215,
      80,
      0,
      81,
      0,
      "IMAGE"
    ],
    [
      216,
      81,
      0,
      27,
      0,
      "INT"
    ],
    [
      217,
      81,
      1,
      27,
      1,
      "INT"
    ],
    [
      218,
      81,
      0,
      30,
      1,
      "INT"
    ],
    [
      219,
      81,
      1,
      30,
      2,
      "INT"
    ],
    [
      231,
      76,
      0,
      82,
      0,
      "CONDITIONING"
    ],
    [
      232,
      82,
      0,
      22,
      1,
      "CONDITIONING"
    ],
    [
      254,
      78,
      0,
      91,
      0,
      "CONTROL_NET"
    ],
    [
      255,
      91,
      0,
      76,
      2,
      "CONTROL_NET"
    ],
    [
      257,
      39,
      0,
      92,
      2,
      "CLIP_VISION_OUTPUT"
    ],
    [
      258,
      6,
      0,
      92,
      0,
      "CONDITIONING"
    ],
    [
      259,
      42,
      0,
      92,
      1,
      "STYLE_MODEL"
    ],
    [
      260,
      52,
      0,
      92,
      3,
      "IMAGE"
    ],
    [
      262,
      92,
      0,
      76,
      0,
      "CONDITIONING"
    ],
    [
      263,
      12,
      0,
      30,
      0,
      "MODEL"
    ],
    [
      264,
      11,
      0,
      6,
      0,
      "CLIP"
    ],
    [
      265,
      11,
      0,
      77,
      0,
      "CLIP"
    ],
    [
      266,
      30,
      0,
      22,
      0,
      "MODEL"
    ]
  ],
  "groups": [],
  "config": {},
  "extra": {
    "ds": {
      "scale": 0.6727499949329224,
      "offset": [
        -791.0023233663726,
        -540.94345122859
      ]
    },
    "groupNodes": {},
    "ue_links": []
  },
  "version": 0.4
}